Year,Revenue,Index
2002,266,100
2003,272,102.2556391
2004,293,110.1503759
2005,319,119.924812
2006,337,126.6917293
2007,357,134.2105263
2008,377,141.7293233
2009,379,142.481203
2010,381,143.2330827
2011,396,148.8721805
2012,368,138.3458647
2013,456,171.4285714
2014,479,180.075188
2015,518,194.7368421
2016,587,220.6766917
2017,737,277.0676692
2018,801,301.1278195
2019,876,329.3233083
2020,792,297.7443609
2021,641,240.9774436
2022,1000,375.9398496
